GameId,Away,Home,Week,Day,Time
1,Patriots,Seahawks,1,Wed,20:20
2,49ers,Rams,1,AUS,20:35
3,Bills,Texans,1,Sun,13:00
4,Jets,Titans,1,Sun,13:00
5,Buccaneers,Bengals,1,Sun,13:00
6,Browns,Jaguars,1,Sun,13:00
7,Falcons,Steelers,1,Sun,13:00
8,Bears,Panthers,1,Sun,13:00
9,Saints,Lions,1,Sun,13:00
10,Packers,Vikings,1,Sun,13:00
11,Dolphins,Raiders,1,Sun,16:25
12,Cardinals,Chargers,1,Sun,16:25
13,Commanders,Eagles,1,Sun,16:25
14,Ravens,Colts,1,Sun,16:25
15,Cowboys,Giants,1,SNF,20:20
16,Broncos,Chiefs,1,MNF,20:15
17,Lions,Bills,2,TNF,20:15
18,Steelers,Patriots,2,Sun,13:00
19,Packers,Jets,2,Sun,13:00
20,Vikings,Bears,2,Sun,13:00
21,Saints,Ravens,2,Sun,13:00
22,Bengals,Texans,2,Sun,13:00
23,Browns,Buccaneers,2,Sun,13:00
24,Eagles,Titans,2,Sun,13:00
25,Panthers,Falcons,2,Sun,13:00
26,Jaguars,Broncos,2,Sun,16:05
27,Raiders,Chargers,2,Sun,16:05
28,Dolphins,49ers,2,Sun,16:25
29,Commanders,Cowboys,2,Sun,16:25
30,Seahawks,Cardinals,2,Sun,16:25
31,Colts,Chiefs,2,SNF,20:20
32,Giants,Rams,2,MNF,20:15
33,Falcons,Packers,3,TNF,20:15
34,Patriots,Jaguars,3,Sun,13:00
35,Bengals,Steelers,3,Sun,13:00
36,Titans,Giants,3,Sun,13:00
37,Seahawks,Commanders,3,Sun,13:00
38,Chargers,Bills,3,Sun,13:00
39,Chiefs,Dolphins,3,Sun,13:00
40,Jets,Lions,3,Sun,13:00
41,Panthers,Browns,3,Sun,13:00
42,Texans,Colts,3,Sun,13:00
43,Raiders,Saints,3,Sun,13:00
44,Cardinals,49ers,3,Sun,16:05
45,Vikings,Buccaneers,3,Sun,16:05
46,Ravens,Cowboys,3,BRA,16:25
47,Rams,Broncos,3,SNF,20:20
48,Eagles,Bears,3,MNF,20:15
49,Steelers,Browns,4,TNF,20:15
50,Colts,Commanders,4,ENG,09:30
51,Jets,Bears,4,Sun,13:00
52,Cardinals,Giants,4,Sun,13:00
53,Packers,Buccaneers,4,Sun,13:00
54,Patriots,Bills,4,Sun,13:00
55,Titans,Ravens,4,Sun,13:00
56,Jaguars,Bengals,4,Sun,13:00
57,Cowboys,Texans,4,Sun,13:00
58,Rams,Eagles,4,Sun,13:00
59,Dolphins,Vikings,4,Sun,16:05
60,Broncos,49ers,4,Sun,16:25
61,Chargers,Seahawks,4,Sun,16:25
62,Chiefs,Raiders,4,Sun,16:25
63,Lions,Panthers,4,SNF,20:20
64,Falcons,Saints,4,MNF,20:15
65,Buccaneers,Cowboys,5,TNF,20:15
66,Eagles,Jaguars,5,ENG,09:30
67,Browns,Jets,5,Sun,13:00
68,Colts,Steelers,5,Sun,13:00
69,Bengals,Dolphins,5,Sun,13:00
70,Raiders,Patriots,5,Sun,13:00
71,Texans,Titans,5,Sun,13:00
72,Giants,Commanders,5,Sun,13:00
73,Vikings,Saints,5,Sun,13:00
74,Broncos,Chargers,5,Sun,16:05
75,Bears,Packers,5,Sun,16:25
76,Lions,Cardinals,5,Sun,16:25
77,49ers,Seahawks,5,Sun,16:25
78,Ravens,Falcons,5,SNF,20:20
79,Bills,Rams,5,MNF,20:15
80,Seahawks,Broncos,6,TNF,20:15
81,Texans,Jaguars,6,ENG,09:30
82,Saints,Giants,6,Sun,13:00
83,Jets,Patriots,6,Sun,13:00
84,Ravens,Browns,6,Sun,13:00
85,Steelers,Buccaneers,6,Sun,13:00
86,Titans,Colts,6,Sun,13:00
87,Panthers,Eagles,6,Sun,13:00
88,Bears,Falcons,6,Sun,13:00
89,Cardinals,Rams,6,Sun,16:05
90,Chargers,Chiefs,6,Sun,16:25
91,Bills,Raiders,6,Sun,16:25
92,Cowboys,Packers,6,SNF,20:20
93,Commanders,49ers,6,MNF,20:15
94,Patriots,Bears,7,TNF,20:15
95,Steelers,Saints,7,FRA,09:30
96,Dolphins,Jets,7,Sun,13:00
97,Bengals,Ravens,7,Sun,13:00
98,Browns,Titans,7,Sun,13:00
99,Giants,Texans,7,Sun,13:00
100,Colts,Vikings,7,Sun,13:00
101,49ers,Falcons,7,Sun,13:00
102,Buccaneers,Panthers,7,Sun,13:00
103,Broncos,Cardinals,7,Sun,16:05
104,Packers,Lions,7,Sun,16:25
105,Rams,Raiders,7,Sun,16:25
106,Chiefs,Seahawks,7,SNF,20:20
107,Cowboys,Eagles,7,MNF,20:15
108,Panthers,Packers,8,TNF,20:15
109,Raiders,Jets,8,Sun,13:00
110,Browns,Steelers,8,Sun,13:00
111,Colts,Jaguars,8,Sun,13:00
112,Falcons,Buccaneers,8,Sun,13:00
113,Ravens,Bills,8,Sun,13:00
114,Patriots,Dolphins,8,Sun,13:00
115,Titans,Bengals,8,Sun,13:00
116,Cardinals,Cowboys,8,Sun,13:00
117,Vikings,Lions,8,Sun,13:00
118,Chargers,Rams,8,Sun,16:05
119,Chiefs,Broncos,8,Sun,16:25
120,Eagles,Commanders,8,SNF,20:20
121,Bears,Seahawks,8,MNF,20:15
122,Jaguars,Ravens,9,TNF,20:15
123,Bengals,Falcons,9,ESP,09:30
124,Rams,Commanders,9,Sun,13:00
125,Lions,Dolphins,9,Sun,13:00
126,Jets,Chiefs,9,Sun,13:00
127,Browns,Saints,9,Sun,13:00
128,Cowboys,Colts,9,Sun,13:00
129,Broncos,Panthers,9,Sun,13:00
130,Giants,Eagles,9,Sun,13:00
131,Raiders,49ers,9,Sun,16:05
132,Texans,Chargers,9,Sun,16:05
133,Cardinals,Seahawks,9,Sun,16:25
134,Packers,Patriots,9,Sun,16:25
135,Buccaneers,Bears,9,SNF,20:20
136,Bills,Vikings,9,MNF,20:15
137,Commanders,Giants,10,TNF,20:15
138,Patriots,Lions,10,GER,09:30
139,Bills,Jets,10,Sun,13:00
140,Dolphins,Colts,10,Sun,13:00
141,Texans,Browns,10,Sun,13:00
142,Jaguars,Titans,10,Sun,13:00
143,Chiefs,Falcons,10,Sun,13:00
144,Vikings,Packers,10,Sun,13:00
145,Panthers,Saints,10,Sun,13:00
146,Rams,Cardinals,10,Sun,16:05
147,Seahawks,Raiders,10,Sun,16:05
148,49ers,Cowboys,10,Sun,16:25
149,Steelers,Bengals,10,SNF,20:20
150,Chargers,Ravens,10,MNF,20:15
151,Colts,Texans,11,TNF,20:15
152,Jaguars,Giants,11,Sun,13:00
153,Saints,Bears,11,Sun,13:00
154,Dolphins,Bills,11,Sun,13:00
155,Ravens,Panthers,11,Sun,13:00
156,Titans,Cowboys,11,Sun,13:00
157,Cardinals,Chiefs,11,Sun,13:00
158,Buccaneers,Lions,11,Sun,13:00
159,Jets,Chargers,11,Sun,16:05
160,Raiders,Broncos,11,Sun,16:25
161,Steelers,Eagles,11,Sun,16:25
162,Vikings,49ers,11,MEX,20:20
163,Bengals,Commanders,11,MNF,20:15
164,Packers,Rams,12,Wed,20:00
165,Bears,Lions,12,THX,13:00
166,Eagles,Cowboys,12,THX,16:30
167,Chiefs,Bills,12,THX,20:20
168,Broncos,Steelers,12,Fri,15:00
169,Jets,Dolphins,12,Sun,13:00
170,Ravens,Texans,12,Sun,13:00
171,Saints,Bengals,12,Sun,13:00
172,Raiders,Browns,12,Sun,13:00
173,Giants,Colts,12,Sun,13:00
174,Falcons,Vikings,12,Sun,13:00
175,Titans,Jaguars,12,Sun,16:05
176,Commanders,Cardinals,12,Sun,16:25
177,Seahawks,49ers,12,Sun,16:25
178,Patriots,Chargers,12,SNF,20:20
179,Panthers,Buccaneers,12,MNF,20:15
180,Chiefs,Rams,13,TNF,20:15
181,Jaguars,Bears,13,Sun,13:00
182,49ers,Giants,13,Sun,13:00
183,Bengals,Browns,13,Sun,13:00
184,Commanders,Titans,13,Sun,13:00
185,Chargers,Buccaneers,13,Sun,13:00
186,Lions,Falcons,13,Sun,13:00
187,Packers,Saints,13,Sun,13:00
188,Eagles,Cardinals,13,Sun,16:05
189,Dolphins,Broncos,13,Sun,16:05
190,Bills,Patriots,13,Sun,16:25
191,Panthers,Vikings,13,Sun,16:25
192,Texans,Steelers,13,SNF,20:20
193,Cowboys,Seahawks,13,MNF,20:15
194,Vikings,Patriots,14,TNF,20:15
195,Broncos,Jets,14,Sun,13:00
196,Texans,Commanders,14,Sun,13:00
197,Bears,Dolphins,14,Sun,13:00
198,Buccaneers,Ravens,14,Sun,13:00
199,Falcons,Browns,14,Sun,13:00
200,Colts,Eagles,14,Sun,13:00
201,Titans,Lions,14,Sun,13:00
202,Saints,Panthers,14,Sun,13:00
203,Chargers,Raiders,14,Sun,16:05
204,Giants,Seahawks,14,Sun,16:25
205,Rams,49ers,14,Sun,16:25
206,Chiefs,Bengals,14,Sun,16:25
207,Bills,Packers,14,SNF,20:20
208,Steelers,Jaguars,14,MNF,20:15
209,49ers,Chargers,15,TNF,20:15
210,Seahawks,Eagles,15,Sat,17:00
211,Bears,Bills,15,Sat,20:20
212,Browns,Giants,15,Sun,13:00
213,Falcons,Commanders,15,Sun,13:00
214,Dolphins,Packers,15,Sun,13:00
215,Ravens,Steelers,15,Sun,13:00
216,Bengals,Panthers,15,Sun,13:00
217,Jaguars,Texans,15,Sun,13:00
218,Colts,Titans,15,Sun,13:00
219,Saints,Buccaneers,15,Sun,13:00
220,Jets,Cardinals,15,Sun,16:05
221,Cowboys,Rams,15,Sun,16:25
222,Broncos,Raiders,15,Sun,16:25
223,Lions,Vikings,15,SNF,20:20
224,Patriots,Chiefs,15,MNF,20:15
225,Texans,Eagles,16,TNF,20:15
226,Packers,Bears,16,XMS,13:00
227,Bills,Broncos,16,XMS,16:30
228,Rams,Seahawks,16,XMS,20:15
229,Patriots,Jets,16,Sun,13:00
230,Chargers,Dolphins,16,Sun,13:00
231,Browns,Ravens,16,Sun,13:00
232,Cardinals,Saints,16,Sun,13:00
233,Titans,Raiders,16,Sun,16:05
234,49ers,Chiefs,16,Sun,16:25
235,Bengals,Colts,16,TBD,
236,Panthers,Steelers,16,TBD,
237,Commanders,Vikings,16,TBD,
238,Buccaneers,Falcons,16,TBD,
239,Jaguars,Cowboys,16,SNF,20:20
240,Giants,Lions,16,MNF,20:15
241,Ravens,Bengals,17,TNF,20:15
242,Vikings,Jets,17,Sun,13:00
243,Bills,Dolphins,17,Sun,13:00
244,Colts,Browns,17,Sun,13:00
245,Steelers,Titans,17,Sun,13:00
246,Giants,Cowboys,17,Sun,13:00
247,Saints,Falcons,17,Sun,13:00
248,Seahawks,Panthers,17,Sun,13:00
249,Raiders,Cardinals,17,Sun,16:05
250,Lions,Bears,17,Sun,16:25
251,Broncos,Patriots,17,TBD,
252,Commanders,Jaguars,17,TBD,
253,Chiefs,Chargers,17,TBD,
254,Rams,Buccaneers,17,TBD,
255,Eagles,49ers,17,SNF,20:20
256,Texans,Packers,17,MNF,20:15
257,Jets,Bills,18,TBD,
258,Dolphins,Patriots,18,TBD,
259,Steelers,Ravens,18,TBD,
260,Browns,Bengals,18,TBD,
261,Titans,Texans,18,TBD,
262,Jaguars,Colts,18,TBD,
263,Chargers,Broncos,18,TBD,
264,Raiders,Chiefs,18,TBD,
265,Cowboys,Commanders,18,TBD,
266,Eagles,Giants,18,TBD,
267,Bears,Vikings,18,TBD,
268,Lions,Packers,18,TBD,
269,Falcons,Panthers,18,TBD,
270,Buccaneers,Saints,18,TBD,
271,49ers,Cardinals,18,TBD,
272,Seahawks,Rams,18,TBD,